directors,popularity,rating,stars,title,writers
Frank Darabont,26,9.3,"Tim Robbins,Morgan Freeman,Bob Gunton,See full cast & crew",The Shawshank Redemption,"Stephen King,Frank Darabont"
"Olivier Nakache,Éric Toledano",498,8.5,"François Cluzet,Omar Sy,Anne Le Ny,See full cast & crew",The Intouchables,"Olivier Nakache,Philippe Pozzo di Borgo,1 more credit"
Alfred Hitchcock,430,8.5,"Anthony Perkins,Janet Leigh,Vera Miles,See full cast & crew",Psycho,"Joseph Stefano,Robert Bloch"
Martin Scorsese,105,8.5,"Leonardo DiCaprio,Matt Damon,Jack Nicholson,See full cast & crew",The Departed,"William Monahan,Alan Mak,1 more credit"
Christopher Nolan,116,8.5,"Christian Bale,Hugh Jackman,Scarlett Johansson,See full cast & crew",The Prestige,"Jonathan Nolan,Christopher Nolan,1 more credit"
Charles Chaplin,"4,064",8.5,"Charles Chaplin,Virginia Cherrill,Florence Lee,See full cast & crew",City Lights,
Damien Chazelle,284,8.5,"Miles Teller,J.K. Simmons,Melissa Benoist,See full cast & crew",Whiplash,
Ridley Scott,160,8.5,"Russell Crowe,Joaquin Phoenix,Connie Nielsen,See full cast & crew",Gladiator,"David Franzoni,David Franzoni,2 more credits"
Robert Zemeckis,161,8.5,"Michael J. Fox,Christopher Lloyd,Lea Thompson,See full cast & crew",Back to the Future,"Robert Zemeckis,Bob Gale"
Roman Polanski,343,8.5,"Adrien Brody,Thomas Kretschmann,Frank Finlay,See full cast & crew",The Pianist,"Ronald Harwood,Wladyslaw Szpilman"
Tony Kaye,409,8.5,"Edward Norton,Edward Furlong,Beverly D'Angelo,See full cast & crew",American History X,
James Cameron,548,8.5,"Arnold Schwarzenegger,Linda Hamilton,Edward Furlong,See full cast & crew",Terminator 2: Judgment Day,"James Cameron,William Wisher"
Masaki Kobayashi,"1,804",8.7,"Tatsuya Nakadai,Akira Ishihama,Shima Iwashita,See full cast & crew",Harakiri,"Yasuhiko Takiguchi,Shinobu Hashimoto"
"Roger Allers,Rob Minkoff",305,8.5,"Matthew Broderick,Jeremy Irons,James Earl Jones,See full cast & crew",The Lion King,"Irene Mecchi,Jonathan Roberts,27 more credits"
Bryan Singer,324,8.5,"Kevin Spacey,Gabriel Byrne,Chazz Palminteri,See full cast & crew",The Usual Suspects,
Akira Kurosawa,,8.1,"Toshirô Mifune,Minoru Chiaki,Isuzu Yamada,See full cast & crew",Throne of Blood,"Hideo Oguni,Shinobu Hashimoto,2 more credits"
"Ron Clements,John Musker",785,8.0,"Scott Weinger,Robin Williams,Linda Larkin,See full cast & crew",Aladdin,"Ron Clements,John Musker,18 more credits"
Katsuhiro Ôtomo,,8.0,"Mitsuo Iwata,Nozomu Sasaki,Mami Koyama,See full cast & crew",Akira,"Katsuhiro Ôtomo,Izô Hashimoto,1 more credit"
George Roy Hill,942,8.0,"Paul Newman,Robert Redford,Katharine Ross,See full cast & crew",Butch Cassidy and the Sundance Kid,
Charles Chaplin,"3,119",8.5,"Charles Chaplin,Paulette Goddard,Henry Bergman,See full cast & crew",Modern Times,
Ashutosh Gowariker,"3,536",8.1,"Aamir Khan,Raghuvir Yadav,Gracy Singh,See full cast & crew",Lagaan: Once Upon a Time in India,"Ashutosh Gowariker,Ashutosh Gowariker,3 more credits"
Nishikant Kamat,,8.2,"Ajay Devgn,Shriya Saran,Tabu,See full cast & crew",Drishyam,"Jeethu Joseph,Upendra Sidhaye"
"Michael Powell,Emeric Pressburger",,8.1,"Anton Walbrook,Marius Goring,Moira Shearer,See full cast & crew",The Red Shoes,"Hans Christian Andersen,Emeric Pressburger,3 more credits"
James Cameron,475,8.0,"Arnold Schwarzenegger,Linda Hamilton,Michael Biehn,See full cast & crew",The Terminator,"James Cameron,Gale Anne Hurd,1 more credit"
Rajkumar Hirani,,8.1,"Aamir Khan,Anushka Sharma,Sanjay Dutt,See full cast & crew",PK,"Rajkumar Hirani,Abhijat Joshi"
Oriol Paulo,,8.1,"Mario Casas,Ana Wagener,Jose Coronado,See full cast & crew",The Invisible Guest,
Nuri Bilge Ceylan,"2,195",8.2,"Haluk Bilginer,Melisa Sözen,Demet Akbag,See full cast & crew",Winter Sleep,"Ebru Ceylan,Nuri Bilge Ceylan,1 more credit"
Rob Reiner,297,8.1,"Cary Elwes,Mandy Patinkin,Robin Wright,See full cast & crew",The Princess Bride,"William Goldman,William Goldman"
Wim Wenders,"1,767",8.1,"Harry Dean Stanton,Nastassja Kinski,Dean Stockwell,See full cast & crew","Paris, Texas","L.M. Kit Carson,Sam Shepard,1 more credit"
Tate Taylor,584,8.1,"Emma Stone,Viola Davis,Octavia Spencer,See full cast & crew",The Help,"Tate Taylor,Kathryn Stockett"
Richard Linklater,"1,983",8.0,"Ethan Hawke,Julie Delpy,Vernon Dobtcheff,See full cast & crew",Before Sunset,"Richard Linklater,Julie Delpy,5 more credits"
Kar-Wai Wong,"1,744",8.1,"Tony Chiu-Wai Leung,Maggie Cheung,Ping Lam Siu,See full cast & crew",In the Mood for Love,
Frank Capra,"4,567",8.1,"Clark Gable,Claudette Colbert,Walter Connolly,See full cast & crew",It Happened One Night,"Robert Riskin,Samuel Hopkins Adams"
Anurag Kashyap,"2,143",8.2,"Manoj Bajpayee,Richa Chadha,Nawazuddin Siddiqui,See full cast & crew",Gangs of Wasseypur,"Akhilesh Jaiswal,Anurag Kashyap,2 more credits"
Mathieu Kassovitz,,8.1,"Vincent Cassel,Hubert Koundé,Saïd Taghmaoui,See full cast & crew",La Haine,
Céline Sciamma,78,8.2,"Noémie Merlant,Adèle Haenel,Luàna Bajrami,See full cast & crew",Portrait of a Lady on Fire,
Alfred Hitchcock,"2,390",8.1,"Laurence Olivier,Joan Fontaine,George Sanders,See full cast & crew",Rebecca,"Daphne Du Maurier,Robert E. Sherwood,3 more credits"
Tom McCarthy,574,8.1,"Mark Ruffalo,Michael Keaton,Rachel McAdams,See full cast & crew",Spotlight,"Josh Singer,Tom McCarthy"
Chan-wook Park,499,8.1,"Min-hee Kim,Jung-woo Ha,Jin-woong Cho,See full cast & crew",The Handmaiden,"Sarah Waters,Seo-kyeong Jeong,1 more credit"
"Pete Docter,David Silverman,1 more credit",860,8.0,"Billy Crystal,John Goodman,Mary Gibbs,See full cast & crew","Monsters, Inc.","Pete Docter,Jill Culton,4 more credits"
John G. Avildsen,746,8.1,"Sylvester Stallone,Talia Shire,Burt Young,See full cast & crew",Rocky,
Alejandro G. Iñárritu,"2,156",8.1,"Emilio Echevarría,Gael García Bernal,Goya Toledo,See full cast & crew",Amores Perros,
Hayao Miyazaki,"1,886",8.1,"Sumi Shimamoto,Mahito Tsujimura,Hisako Kyôda,See full cast & crew",Nausicaä of the Valley of the Wind,"Hayao Miyazaki,Hayao Miyazaki,2 more credits"
Terry George,"2,619",8.1,"Don Cheadle,Sophie Okonedo,Joaquin Phoenix,See full cast & crew",Hotel Rwanda,"Keir Pearson,Terry George"
Rakeysh Omprakash Mehra,,8.2,"Aamir Khan,Soha Ali Khan,Siddharth,See full cast & crew",Rang De Basanti,"Renzil D'Silva,Prasoon Joshi,2 more credits"
François Truffaut,,8.1,"Jean-Pierre Léaud,Albert Rémy,Claire Maurier,See full cast & crew",The 400 Blows,"François Truffaut,Marcel Moussy,2 more credits"
David Yates,167,8.1,"Daniel Radcliffe,Emma Watson,Rupert Grint,See full cast & crew",Harry Potter and the Deathly Hallows: Part 2,"Steve Kloves,J.K. Rowling"
Peter Weir,692,8.1,"Robin Williams,Robert Sean Leonard,Ethan Hawke,See full cast & crew",Dead Poets Society,
James Mangold,414,8.1,"Hugh Jackman,Patrick Stewart,Dafne Keen,See full cast & crew",Logan,"James Mangold,Scott Frank,2 more credits"
Ron Howard,950,8.1,"Daniel Brühl,Chris Hemsworth,Olivia Wilde,See full cast & crew",Rush,
Lasse Hallström,,8.1,"Richard Gere,Joan Allen,Cary-Hiroyuki Tagawa,See full cast & crew",Hachi: A Dog's Tale,"Stephen P. Lindsey,Kaneto Shindô"
Andrei Tarkovsky,,8.2,"Anatoliy Solonitsyn,Ivan Lapikov,Nikolay Grinko,See full cast & crew",Andrei Rublev,"Andrey Konchalovskiy,Andrei Tarkovsky"
Terry Jones,"1,706",8.1,"Graham Chapman,John Cleese,Michael Palin,See full cast & crew",Monty Python's Life of Brian,"Graham Chapman,John Cleese,4 more credits"
William Wyler,"1,136",8.1,"Charlton Heston,Jack Hawkins,Stephen Boyd,See full cast & crew",Ben-Hur,"Lew Wallace,Karl Tunberg"
Oliver Stone,657,8.1,"Charlie Sheen,Tom Berenger,Willem Dafoe,See full cast & crew",Platoon,
Clint Eastwood,"1,083",8.1,"Hilary Swank,Clint Eastwood,Morgan Freeman,See full cast & crew",Million Dollar Baby,"Paul Haggis,F.X. Toole"
Sean Penn,480,8.1,"Emile Hirsch,Vince Vaughn,Catherine Keener,See full cast & crew",Into the Wild,"Sean Penn,Jon Krakauer"
Stanley Kubrick,"1,426",8.1,"Ryan O'Neal,Marisa Berenson,Patrick Magee,See full cast & crew",Barry Lyndon,"Stanley Kubrick,William Makepeace Thackeray"
Rob Reiner,517,8.1,"Wil Wheaton,River Phoenix,Corey Feldman,See full cast & crew",Stand by Me,"Stephen King,Raynold Gideon,1 more credit"
Sidney Lumet,596,8.1,"Faye Dunaway,William Holden,Peter Finch,See full cast & crew",Network,
George Miller,170,8.1,"Tom Hardy,Charlize Theron,Nicholas Hoult,See full cast & crew",Mad Max: Fury Road,"George Miller,Brendan McCarthy,1 more credit"
Stuart Rosenberg,"1,880",8.1,"Paul Newman,George Kennedy,Strother Martin,See full cast & crew",Cool Hand Luke,"Donn Pearce,Frank Pierson,1 more credit"
Steve McQueen,573,8.1,"Chiwetel Ejiofor,Michael Kenneth Williams,Michael Fassbender,See full cast & crew",12 Years a Slave,"John Ridley,Solomon Northup"
Steven Spielberg,337,8.1,"Leonardo DiCaprio,Tom Hanks,Christopher Walken,See full cast & crew",Catch Me If You Can,"Jeff Nathanson,Frank Abagnale Jr.,1 more credit"
Denis Villeneuve,154,8.1,"Hugh Jackman,Jake Gyllenhaal,Viola Davis,See full cast & crew",Prisoners,
Richard Linklater,"1,085",8.1,"Ethan Hawke,Julie Delpy,Andrea Eckert,See full cast & crew",Before Sunrise,"Richard Linklater,Kim Krizan"
Ingmar Bergman,"2,328",8.1,"Bibi Andersson,Liv Ullmann,Margaretha Krook,See full cast & crew",Persona,
Mel Gibson,224,8.1,"Andrew Garfield,Sam Worthington,Luke Bracey,See full cast & crew",Hacksaw Ridge,"Robert Schenkkan,Andrew Knight"
"Dean DeBlois,Chris Sanders","1,634",8.1,"Jay Baruchel,Gerard Butler,Christopher Mintz-Plasse,See full cast & crew",How to Train Your Dragon,"William Davies,Dean DeBlois,3 more credits"
James Mangold,41,8.1,"Matt Damon,Christian Bale,Jon Bernthal,See full cast & crew",Ford v Ferrari,"Jez Butterworth,John-Henry Butterworth,1 more credit"
Jim Sheridan,"2,477",8.1,"Daniel Day-Lewis,Pete Postlethwaite,Alison Crosbie,See full cast & crew",In the Name of the Father,"Gerry Conlon,Terry George,1 more credit"
Adam Elliot,,8.1,"Toni Collette,Philip Seymour Hoffman,Eric Bana,See full cast & crew",Mary and Max,
Wes Anderson,336,8.1,"Ralph Fiennes,F. Murray Abraham,Mathieu Amalric,See full cast & crew",The Grand Budapest Hotel,"Stefan Zweig,Wes Anderson,2 more credits"
David Fincher,126,8.1,"Ben Affleck,Rosamund Pike,Neil Patrick Harris,See full cast & crew",Gone Girl,"Gillian Flynn,Gillian Flynn"
"Joel Coen,Ethan Coen",325,8.1,"Jeff Bridges,John Goodman,Julianne Moore,See full cast & crew",The Big Lebowski,"Ethan Coen,Joel Coen"
Yavuz Turgul,,8.3,"Sener Sen,Ugur Yücel,Sermin Hürmeriç,See full cast & crew",The Bandit,
"Sergio Pablos,Carlos Martínez López","1,354",8.2,"Jason Schwartzman,J.K. Simmons,Rashida Jones,See full cast & crew",Klaus,"Sergio Pablos,Sergio Pablos,2 more credits"
Sriram Raghavan,,8.3,"Ayushmann Khurrana,Tabu,Radhika Apte,See full cast & crew",Andhadhun,"Arijit Biswas,Yogesh Chandekar,4 more credits"
Bong Joon Ho,698,8.1,"Kang-ho Song,Sang-kyung Kim,Roe-ha Kim,See full cast & crew",Memories of Murder,"Bong Joon Ho,Kwang-rim Kim,1 more credit"
Damián Szifron,"1,148",8.1,"Darío Grandinetti,María Marull,Mónica Villa,See full cast & crew",Wild Tales,"Germán Servidio,Damián Szifron"
Yasujirô Ozu,,8.2,"Chishû Ryû,Chieko Higashiyama,Sô Yamamura,See full cast & crew",Tokyo Story,"Kôgo Noda,Yasujirô Ozu"
Peter Weir,368,8.1,"Jim Carrey,Ed Harris,Laura Linney,See full cast & crew",The Truman Show,
Clint Eastwood,977,8.1,"Clint Eastwood,Bee Vang,Christopher Carley,See full cast & crew",Gran Torino,"Nick Schenk,Dave Johannson,1 more credit"
Quentin Tarantino,412,8.1,"Uma Thurman,David Carradine,Daryl Hannah,See full cast & crew",Kill Bill: Vol. 1,"Quentin Tarantino,Quentin Tarantino,1 more credit"
Michael Cimino,92,8.1,"Robert De Niro,Christopher Walken,John Cazale,See full cast & crew",The Deer Hunter,"Michael Cimino,Deric Washburn,3 more credits"
Andrei Tarkovsky,,8.2,"Alisa Freyndlikh,Aleksandr Kaydanovskiy,Anatoliy Solonitsyn,See full cast & crew",Stalker,"Arkadiy Strugatskiy,Boris Strugatskiy,2 more credits"
"Joel Coen,Ethan Coen",356,8.1,"William H. Macy,Frances McDormand,Steve Buscemi,See full cast & crew",Fargo,"Ethan Coen,Joel Coen"
Carol Reed,"3,096",8.1,"Orson Welles,Joseph Cotten,Alida Valli,See full cast & crew",The Third Man,"Graham Greene,Graham Greene"
"Andrew Stanton,Lee Unkrich",852,8.1,"Albert Brooks,Ellen DeGeneres,Alexander Gould,See full cast & crew",Finding Nemo,"Andrew Stanton,Andrew Stanton,2 more credits"
Ridley Scott,221,8.1,"Harrison Ford,Rutger Hauer,Sean Young,See full cast & crew",Blade Runner,"Hampton Fancher,David Webb Peoples,1 more credit"
Elia Kazan,"2,396",8.1,"Marlon Brando,Karl Malden,Lee J. Cobb,See full cast & crew",On the Waterfront,"Budd Schulberg,Budd Schulberg,1 more credit"
David Lean,"1,453",8.1,"William Holden,Alec Guinness,Jack Hawkins,See full cast & crew",The Bridge on the River Kwai,"Pierre Boulle,Carl Foreman,1 more credit"
Ingmar Bergman,,8.2,"Victor Sjöström,Bibi Andersson,Ingrid Thulin,See full cast & crew",Wild Strawberries,
David Lynch,"1,292",8.1,"Anthony Hopkins,John Hurt,Anne Bancroft,See full cast & crew",The Elephant Man,"Christopher De Vore,Eric Bergren,3 more credits"
"Victor Fleming,George Cukor,1 more credit",735,8.1,"Clark Gable,Vivien Leigh,Thomas Mitchell,See full cast & crew",Gone with the Wind,"Margaret Mitchell,Sidney Howard"
Lenny Abrahamson,315,8.1,"Brie Larson,Jacob Tremblay,Sean Bridgers,See full cast & crew",Room,"Emma Donoghue,Emma Donoghue"
M. Night Shyamalan,616,8.1,"Bruce Willis,Haley Joel Osment,Toni Collette,See full cast & crew",The Sixth Sense,
John Carpenter,556,8.1,"Kurt Russell,Wilford Brimley,Keith David,See full cast & crew",The Thing,"Bill Lancaster,John W. Campbell Jr."
Steven Spielberg,198,8.1,"Sam Neill,Laura Dern,Jeff Goldblum,See full cast & crew",Jurassic Park,"Michael Crichton,Michael Crichton,1 more credit"
Danny Boyle,615,8.1,"Ewan McGregor,Ewen Bremner,Jonny Lee Miller,See full cast & crew",Trainspotting,"Irvine Welsh,John Hodge"
"Pete Docter,Ronnie Del Carmen",523,8.2,"Amy Poehler,Bill Hader,Lewis Black,See full cast & crew",Inside Out,"Pete Docter,Ronnie Del Carmen,7 more credits"
"Ethan Coen,Joel Coen",179,8.1,"Tommy Lee Jones,Javier Bardem,Josh Brolin,See full cast & crew",No Country for Old Men,"Joel Coen,Ethan Coen,1 more credit"
Gavin O'Connor,496,8.2,"Tom Hardy,Nick Nolte,Joel Edgerton,See full cast & crew",Warrior,"Gavin O'Connor,Anthony Tambakis,3 more credits"
Martin Scorsese,153,8.1,"Leonardo DiCaprio,Emily Mortimer,Mark Ruffalo,See full cast & crew",Shutter Island,"Laeta Kalogridis,Dennis Lehane"
Roman Polanski,799,8.2,"Jack Nicholson,Faye Dunaway,John Huston,See full cast & crew",Chinatown,
Alfred Hitchcock,"1,748",8.2,"Ray Milland,Grace Kelly,Robert Cummings,See full cast & crew",Dial M for Murder,"Frederick Knott,Frederick Knott"
James McTeigue,611,8.2,"Hugo Weaving,Natalie Portman,Rupert Graves,See full cast & crew",V for Vendetta,"Lilly Wachowski,Lana Wachowski,1 more credit"
Ingmar Bergman,,8.2,"Max von Sydow,Gunnar Björnstrand,Bengt Ekerot,See full cast & crew",The Seventh Seal,"Ingmar Bergman,Ingmar Bergman"
Paul Thomas Anderson,228,8.2,"Daniel Day-Lewis,Paul Dano,Ciarán Hinds,See full cast & crew",There Will Be Blood,"Paul Thomas Anderson,Upton Sinclair"
Stanley Kramer,"4,016",8.2,"Spencer Tracy,Burt Lancaster,Richard Widmark,See full cast & crew",Judgment at Nuremberg,"Abby Mann,Abby Mann"
Martin McDonagh,386,8.2,"Frances McDormand,Woody Harrelson,Sam Rockwell,See full cast & crew","Three Billboards Outside Ebbing, Missouri",
Guy Ritchie,679,8.2,"Jason Flemyng,Dexter Fletcher,Nick Moran,See full cast & crew","Lock, Stock and Two Smoking Barrels",
Çagan Irmak,,8.3,"Çetin Tekindor,Fikret Kuskan,Hümeyra,See full cast & crew",My Father and My Son,
Martin Scorsese,77,8.2,"Leonardo DiCaprio,Jonah Hill,Margot Robbie,See full cast & crew",The Wolf of Wall Street,"Terence Winter,Jordan Belfort"
John Huston,"4,184",8.2,"Humphrey Bogart,Walter Huston,Tim Holt,See full cast & crew",The Treasure of the Sierra Madre,"John Huston,B. Traven"
Martin Scorsese,"1,030",8.2,"Robert De Niro,Cathy Moriarty,Joe Pesci,See full cast & crew",Raging Bull,"Jake LaMotta,Joseph Carter,3 more credits"
Juan José Campanella,769,8.2,"Ricardo Darín,Soledad Villamil,Pablo Rago,See full cast & crew",The Secret in Their Eyes,"Eduardo Sacheri,Juan José Campanella,1 more credit"
Guillermo del Toro,490,8.2,"Ivana Baquero,Ariadna Gil,Sergi López,See full cast & crew",Pan's Labyrinth,
Ron Howard,515,8.2,"Russell Crowe,Ed Harris,Jennifer Connelly,See full cast & crew",A Beautiful Mind,"Akiva Goldsman,Sylvia Nasar"
Hayao Miyazaki,"1,186",8.2,"Hitoshi Takagi,Noriko Hidaka,Chika Sakamoto,See full cast & crew",My Neighbor Totoro,
John Sturges,"1,225",8.2,"Steve McQueen,James Garner,Richard Attenborough,See full cast & crew",The Great Escape,"Paul Brickhill,James Clavell,1 more credit"
Joseph L. Mankiewicz,"2,694",8.2,"Bette Davis,Anne Baxter,George Sanders,See full cast & crew",All About Eve,
Akira Kurosawa,"2,471",8.2,"Tatsuya Nakadai,Akira Terao,Jinpachi Nezu,See full cast & crew",Ran,"Akira Kurosawa,Hideo Oguni,2 more credits"
Martin Scorsese,690,8.2,"Robert De Niro,Sharon Stone,Joe Pesci,See full cast & crew",Casino,"Nicholas Pileggi,Nicholas Pileggi,1 more credit"
Billy Wilder,"1,240",8.2,"Marilyn Monroe,Tony Curtis,Jack Lemmon,See full cast & crew",Some Like It Hot,"Billy Wilder,I.A.L. Diamond,2 more credits"
Hayao Miyazaki,380,8.2,"Chieko Baishô,Takuya Kimura,Tatsuya Gashûin,See full cast & crew",Howl's Moving Castle,"Hayao Miyazaki,Diana Wynne Jones"
Elem Klimov,,8.3,"Aleksey Kravchenko,Olga Mironova,Liubomiras Laucevicius,See full cast & crew",Come and See,"Ales Adamovich,Ales Adamovich,1 more credit"
Oliver Hirschbiegel,801,8.2,"Bruno Ganz,Alexandra Maria Lara,Ulrich Matthes,See full cast & crew",Downfall,"Bernd Eichinger,Joachim Fest,2 more credits"
Majid Majidi,,8.3,"Mohammad Amir Naji,Amir Farrokh Hashemian,Bahare Seddiqi,See full cast & crew",Children of Heaven,
Clint Eastwood,531,8.2,"Clint Eastwood,Gene Hackman,Morgan Freeman,See full cast & crew",Unforgiven,
Peter Farrelly,106,8.2,"Viggo Mortensen,Mahershala Ali,Linda Cardellini,See full cast & crew",Green Book,"Nick Vallelonga,Brian Hayes Currie,1 more credit"
Akira Kurosawa,,8.2,"Toshirô Mifune,Eijirô Tôno,Tatsuya Nakadai,See full cast & crew",Yojimbo,"Akira Kurosawa,Akira Kurosawa,1 more credit"
Christopher Nolan,300,8.2,"Christian Bale,Michael Caine,Ken Watanabe,See full cast & crew",Batman Begins,"Bob Kane,David S. Goyer,2 more credits"
John McTiernan,408,8.2,"Bruce Willis,Alan Rickman,Bonnie Bedelia,See full cast & crew",Die Hard,"Roderick Thorp,Jeb Stuart,1 more credit"
Michael Mann,252,8.2,"Al Pacino,Robert De Niro,Val Kilmer,See full cast & crew",Heat,
Akira Kurosawa,"2,833",8.2,"Toshirô Mifune,Machiko Kyô,Masayuki Mori,See full cast & crew",Rashomon,"Ryûnosuke Akutagawa,Akira Kurosawa,1 more credit"
"Terry Gilliam,Terry Jones","1,193",8.2,"Graham Chapman,John Cleese,Eric Idle,See full cast & crew",Monty Python and the Holy Grail,"Graham Chapman,John Cleese,4 more credits"
Curtis Hanson,827,8.2,"Kevin Spacey,Russell Crowe,Guy Pearce,See full cast & crew",L.A. Confidential,"James Ellroy,Brian Helgeland,1 more credit"
Steven Spielberg,443,8.2,"Harrison Ford,Sean Connery,Alison Doody,See full cast & crew",Indiana Jones and the Last Crusade,"Jeffrey Boam,George Lucas,3 more credits"
Denis Villeneuve,638,8.3,"Lubna Azabal,Mélissa Désormeaux-Poulin,Maxim Gaudette,See full cast & crew",Incendies,"Denis Villeneuve,Wajdi Mouawad,2 more credits"
"Pete Docter,Bob Peterson",771,8.2,"Edward Asner,Jordan Nagai,John Ratzenberger,See full cast & crew",Up,"Pete Docter,Bob Peterson,3 more credits"
Sergio Leone,"1,848",8.3,"Clint Eastwood,Lee Van Cleef,Gian Maria Volontè,See full cast & crew",For a Few Dollars More,"Sergio Leone,Fulvio Morsella,2 more credits"
Asghar Farhadi,"1,631",8.3,"Payman Maadi,Leila Hatami,Sareh Bayat,See full cast & crew",A Separation,
Robert Mulligan,"1,520",8.2,"Gregory Peck,John Megna,Frank Overton,See full cast & crew",To Kill a Mockingbird,"Harper Lee,Horton Foote"
Billy Wilder,"2,011",8.3,"Jack Lemmon,Shirley MacLaine,Fred MacMurray,See full cast & crew",The Apartment,"Billy Wilder,I.A.L. Diamond"
Akira Kurosawa,,8.3,"Takashi Shimura,Nobuo Kaneko,Shin'ichi Himori,See full cast & crew",Ikiru,"Akira Kurosawa,Shinobu Hashimoto,1 more credit"
George Roy Hill,"1,327",8.3,"Paul Newman,Robert Redford,Robert Shaw,See full cast & crew",The Sting,
Fritz Lang,"1,449",8.3,"Brigitte Helm,Alfred Abel,Gustav Fröhlich,See full cast & crew",Metropolis,"Thea von Harbou,Thea von Harbou"
Jean-Pierre Jeunet,669,8.3,"Audrey Tautou,Mathieu Kassovitz,Rufus,See full cast & crew",Amélie,"Guillaume Laurant,Jean-Pierre Jeunet,1 more credit"
Lee Unkrich,"1,053",8.3,"Tom Hanks,Tim Allen,Joan Cusack,See full cast & crew",Toy Story 3,"John Lasseter,Andrew Stanton,2 more credits"
Billy Wilder,"1,202",8.3,"Fred MacMurray,Barbara Stanwyck,Edward G. Robinson,See full cast & crew",Double Indemnity,"Billy Wilder,Raymond Chandler,1 more credit"
David Lean,471,8.3,"Peter O'Toole,Alec Guinness,Anthony Quinn,See full cast & crew",Lawrence of Arabia,"T.E. Lawrence,Robert Bolt,1 more credit"
Martin Scorsese,144,8.3,"Robert De Niro,Jodie Foster,Cybill Shepherd,See full cast & crew",Taxi Driver,
Brian De Palma,253,8.3,"Al Pacino,Michelle Pfeiffer,Steven Bauer,See full cast & crew",Scarface,
"Stanley Donen,Gene Kelly",435,8.3,"Gene Kelly,Donald O'Connor,Debbie Reynolds,See full cast & crew",Singin' in the Rain,"Betty Comden,Adolph Green"
Guy Ritchie,271,8.3,"Jason Statham,Brad Pitt,Benicio Del Toro,See full cast & crew",Snatch,
Vittorio De Sica,,8.3,"Lamberto Maggiorani,Enzo Staiola,Lianella Carell,See full cast & crew",Bicycle Thieves,"Cesare Zavattini,Luigi Bartolini,7 more credits"
Stanley Kubrick,374,8.3,"Malcolm McDowell,Patrick Magee,Michael Bates,See full cast & crew",A Clockwork Orange,"Stanley Kubrick,Anthony Burgess"
Stanley Kubrick,403,8.3,"Matthew Modine,R. Lee Ermey,Vincent D'Onofrio,See full cast & crew",Full Metal Jacket,"Stanley Kubrick,Michael Herr,2 more credits"
Alfred Hitchcock,"1,142",8.3,"Cary Grant,Eva Marie Saint,James Mason,See full cast & crew",North by Northwest,
Nadine Labaki,469,8.4,"Zain Al Rafeea,Yordanos Shiferaw,Boluwatife Treasure Bankole,See full cast & crew",Capernaum,"Nadine Labaki,Jihad Hojeily,3 more credits"
Nitesh Tiwari,,8.4,"Aamir Khan,Sakshi Tanwar,Fatima Sana Shaikh,See full cast & crew",Dangal,"Piyush Gupta,Shreyas Jain,3 more credits"
Orson Welles,"1,114",8.3,"Orson Welles,Joseph Cotten,Dorothy Comingore,See full cast & crew",Citizen Kane,"Herman J. Mankiewicz,Orson Welles"
Thomas Vinterberg,650,8.3,"Mads Mikkelsen,Thomas Bo Larsen,Annika Wedderkopp,See full cast & crew",The Hunt,"Tobias Lindholm,Thomas Vinterberg"
Michel Gondry,299,8.3,"Jim Carrey,Kate Winslet,Tom Wilkinson,See full cast & crew",Eternal Sunshine of the Spotless Mind,"Charlie Kaufman,Michel Gondry,2 more credits"
Fritz Lang,,8.3,"Peter Lorre,Ellen Widmann,Inge Landgut,See full cast & crew",M,"Thea von Harbou,Fritz Lang"
Darren Aronofsky,164,8.3,"Ellen Burstyn,Jared Leto,Jennifer Connelly,See full cast & crew",Requiem for a Dream,"Hubert Selby Jr.,Hubert Selby Jr.,1 more credit"
Gus Van Sant,187,8.3,"Robin Williams,Matt Damon,Ben Affleck,See full cast & crew",Good Will Hunting,"Matt Damon,Ben Affleck"
Alfred Hitchcock,830,8.3,"James Stewart,Kim Novak,Barbara Bel Geddes,See full cast & crew",Vertigo,"Alec Coppel,Samuel A. Taylor,2 more credits"
Stanley Kubrick,491,8.3,"Keir Dullea,Gary Lockwood,William Sylvester,See full cast & crew",2001: A Space Odyssey,"Stanley Kubrick,Arthur C. Clarke"
Quentin Tarantino,400,8.3,"Harvey Keitel,Tim Roth,Michael Madsen,See full cast & crew",Reservoir Dogs,"Quentin Tarantino,Quentin Tarantino,1 more credit"
Richard Marquand,558,8.3,"Mark Hamill,Harrison Ford,Carrie Fisher,See full cast & crew",Star Wars: Episode VI - Return of the Jedi,"Lawrence Kasdan,George Lucas,1 more credit"
Akira Kurosawa,,8.5,"Toshirô Mifune,Yutaka Sada,Tatsuya Nakadai,See full cast & crew",High and Low,"Hideo Oguni,Ryûzô Kikushima,3 more credits"
"Aamir Khan,Amole Gupte",,8.4,"Darsheel Safary,Aamir Khan,Tisca Chopra,See full cast & crew",Like Stars on Earth,"Amole Gupte,Amole Gupte"
Rajkumar Hirani,845,8.4,"Aamir Khan,Madhavan,Mona Singh,See full cast & crew",3 Idiots,"Rajkumar Hirani,Abhijat Joshi,3 more credits"
Milos Forman,870,8.3,"F. Murray Abraham,Tom Hulce,Elizabeth Berridge,See full cast & crew",Amadeus,"Peter Shaffer,Peter Shaffer"
Quentin Tarantino,100,8.3,"Brad Pitt,Diane Kruger,Eli Roth,See full cast & crew",Inglourious Basterds,
John Lasseter,586,8.3,"Tom Hanks,Tim Allen,Don Rickles,See full cast & crew",Toy Story,"John Lasseter,Pete Docter,6 more credits"
Mel Gibson,379,8.3,"Mel Gibson,Sophie Marceau,Patrick McGoohan,See full cast & crew",Braveheart,
Sam Mendes,17,8.3,"Dean-Charles Chapman,George MacKay,Daniel Mays,See full cast & crew",1917,"Sam Mendes,Krysty Wilson-Cairns"
Sam Mendes,235,8.3,"Kevin Spacey,Annette Bening,Thora Birch,See full cast & crew",American Beauty,
Wolfgang Petersen,"1,499",8.3,"Jürgen Prochnow,Herbert Grönemeyer,Klaus Wennemann,See full cast & crew",Das Boot,"Wolfgang Petersen,Lothar G. Buchheim"
James Cameron,405,8.3,"Sigourney Weaver,Michael Biehn,Carrie Henn,See full cast & crew",Aliens,"James Cameron,David Giler,4 more credits"
"Lee Unkrich,Adrian Molina",296,8.4,"Anthony Gonzalez,Gael García Bernal,Benjamin Bratt,See full cast & crew",Coco,"Lee Unkrich,Jason Katz,4 more credits"
Sergio Leone,,8.4,"Robert De Niro,James Woods,Elizabeth McGovern,See full cast & crew",Once Upon a Time in America,"Harry Grey,Leonardo Benvenuti,6 more credits"
Makoto Shinkai,600,8.4,"Ryûnosuke Kamiki,Mone Kamishiraishi,Ryô Narita,See full cast & crew",Your Name.,"Makoto Shinkai,Makoto Shinkai,1 more credit"
Billy Wilder,,8.4,"Tyrone Power,Marlene Dietrich,Charles Laughton,See full cast & crew",Witness for the Prosecution,"Agatha Christie,Billy Wilder,2 more credits"
Christopher Nolan,119,8.4,"Christian Bale,Tom Hardy,Anne Hathaway,See full cast & crew",The Dark Knight Rises,"Jonathan Nolan,Christopher Nolan,3 more credits"
Stanley Kubrick,814,8.4,"Peter Sellers,George C. Scott,Sterling Hayden,See full cast & crew",Dr. Strangelove,"Stanley Kubrick,Terry Southern,2 more credits"
Hayao Miyazaki,684,8.4,"Yôji Matsuda,Yuriko Ishida,Yûko Tanaka,See full cast & crew",Princess Mononoke,"Hayao Miyazaki,Neil Gaiman"
Chan-wook Park,362,8.4,"Min-sik Choi,Ji-Tae Yoo,Hye-jeong Kang,See full cast & crew",Oldboy,"Garon Tsuchiya,Nobuaki Minegishi,4 more credits"
"Bob Persichetti,Peter Ramsey,1 more credit",185,8.4,"Shameik Moore,Jake Johnson,Hailee Steinfeld,See full cast & crew",Spider-Man: Into the Spider-Verse,"Phil Lord,Rodney Rothman,1 more credit"
Andrew Stanton,734,8.4,"Ben Burtt,Elissa Knight,Jeff Garlin,See full cast & crew",WALL·E,"Andrew Stanton,Pete Docter,2 more credits"
Billy Wilder,,8.4,"William Holden,Gloria Swanson,Erich von Stroheim,See full cast & crew",Sunset Blvd.,"Charles Brackett,Billy Wilder,1 more credit"
"Anthony Russo,Joe Russo",19,8.4,"Robert Downey Jr.,Chris Evans,Mark Ruffalo,See full cast & crew",Avengers: Endgame,"Christopher Markus,Stephen McFeely,14 more credits"
Quentin Tarantino,163,8.4,"Jamie Foxx,Christoph Waltz,Leonardo DiCaprio,See full cast & crew",Django Unchained,
Stanley Kubrick,,8.4,"Kirk Douglas,Ralph Meeker,Adolphe Menjou,See full cast & crew",Paths of Glory,"Stanley Kubrick,Calder Willingham,2 more credits"
Florian Henckel von Donnersmarck,617,8.4,"Ulrich Mühe,Martina Gedeck,Sebastian Koch,See full cast & crew",The Lives of Others,
Stanley Kubrick,140,8.4,"Jack Nicholson,Shelley Duvall,Danny Lloyd,See full cast & crew",The Shining,"Stephen King,Stanley Kubrick,1 more credit"
Charles Chaplin,,8.4,"Charles Chaplin,Paulette Goddard,Jack Oakie,See full cast & crew",The Great Dictator,
"Anthony Russo,Joe Russo",79,8.5,"Robert Downey Jr.,Chris Hemsworth,Mark Ruffalo,See full cast & crew",Avengers: Infinity War,"Christopher Markus,Stephen McFeely,14 more credits"
Steven Spielberg,199,8.4,"Harrison Ford,Karen Allen,Paul Freeman,See full cast & crew",Raiders of the Lost Ark,"Lawrence Kasdan,George Lucas,1 more credit"
Alfred Hitchcock,749,8.4,"James Stewart,Grace Kelly,Wendell Corey,See full cast & crew",Rear Window,"John Michael Hayes,Cornell Woolrich"
Ridley Scott,207,8.4,"Sigourney Weaver,Tom Skerritt,John Hurt,See full cast & crew",Alien,"Dan O'Bannon,Dan O'Bannon,1 more credit"
Christopher Nolan,306,8.4,"Guy Pearce,Carrie-Anne Moss,Joe Pantoliano,See full cast & crew",Memento,"Christopher Nolan,Jonathan Nolan"
Francis Ford Coppola,193,8.4,"Martin Sheen,Marlon Brando,Robert Duvall,See full cast & crew",Apocalypse Now,"John Milius,Francis Ford Coppola,1 more credit"
Giuseppe Tornatore,"1,509",8.5,"Philippe Noiret,Enzo Cannavale,Antonella Attili,See full cast & crew",Cinema Paradiso,"Giuseppe Tornatore,Giuseppe Tornatore,2 more credits"
Sergio Leone,560,8.5,"Henry Fonda,Charles Bronson,Claudia Cardinale,See full cast & crew",Once Upon a Time in the West,"Sergio Donati,Sergio Leone,3 more credits"
Isao Takahata,"1,025",8.5,"Tsutomu Tatsumi,Ayano Shiraishi,Akemi Yamaguchi,See full cast & crew",Grave of the Fireflies,"Akiyuki Nosaka,Isao Takahata"
Todd Phillips,20,8.5,"Joaquin Phoenix,Robert De Niro,Zazie Beetz,See full cast & crew",Joker,"Todd Phillips,Scott Silver,3 more credits"
Luc Besson,191,8.5,"Jean Reno,Gary Oldman,Natalie Portman,See full cast & crew",Léon: The Professional,
Frank Darabont,218,8.6,"Tom Hanks,Michael Clarke Duncan,David Morse,See full cast & crew",The Green Mile,"Stephen King,Frank Darabont"
Michael Curtiz,212,8.5,"Humphrey Bogart,Ingrid Bergman,Paul Henreid,See full cast & crew",Casablanca,"Julius J. Epstein,Philip G. Epstein,3 more credits"
Christopher Nolan,50,8.6,"Matthew McConaughey,Anne Hathaway,Jessica Chastain,See full cast & crew",Interstellar,"Jonathan Nolan,Christopher Nolan"
Hayao Miyazaki,246,8.6,"Daveigh Chase,Suzanne Pleshette,Miyu Irino,See full cast & crew",Spirited Away,
Steven Spielberg,226,8.6,"Tom Hanks,Matt Damon,Tom Sizemore,See full cast & crew",Saving Private Ryan,
Frank Capra,"1,300",8.6,"James Stewart,Donna Reed,Lionel Barrymore,See full cast & crew",It's a Wonderful Life,"Frances Goodrich,Albert Hackett,3 more credits"
Bong Joon Ho,7,8.6,"Kang-ho Song,Sun-kyun Lee,Yeo-jeong Jo,See full cast & crew",Parasite,"Bong Joon Ho,Bong Joon Ho,1 more credit"
Jonathan Demme,114,8.6,"Jodie Foster,Anthony Hopkins,Lawrence A. Bonney,See full cast & crew",The Silence of the Lambs,"Thomas Harris,Ted Tally"
"Fernando Meirelles,Kátia Lund",434,8.6,"Alexandre Rodrigues,Leandro Firmino,Matheus Nachtergaele,See full cast & crew",City of God,"Paulo Lins,Bráulio Mantovani"
Roberto Benigni,366,8.6,"Roberto Benigni,Nicoletta Braschi,Giorgio Cantarini,See full cast & crew",Life Is Beautiful,"Vincenzo Cerami,Roberto Benigni"
David Fincher,103,8.6,"Morgan Freeman,Brad Pitt,Kevin Spacey,See full cast & crew",Se7en,
George Lucas,195,8.6,"Mark Hamill,Harrison Ford,Carrie Fisher,See full cast & crew",Star Wars: Episode IV - A New Hope,
Akira Kurosawa,737,8.6,"Toshirô Mifune,Takashi Shimura,Keiko Tsushima,See full cast & crew",Seven Samurai,"Akira Kurosawa,Shinobu Hashimoto,1 more credit"
Milos Forman,260,8.7,"Jack Nicholson,Louise Fletcher,Will Sampson,See full cast & crew",One Flew Over the Cuckoo's Nest,"Lawrence Hauben,Bo Goldman,2 more credits"
Martin Scorsese,109,8.7,"Robert De Niro,Ray Liotta,Joe Pesci,See full cast & crew",Goodfellas,"Nicholas Pileggi,Nicholas Pileggi,1 more credit"
"Lana Wachowski,Lilly Wachowski",91,8.7,"Keanu Reeves,Laurence Fishburne,Carrie-Anne Moss,See full cast & crew",The Matrix,"Lilly Wachowski,Lana Wachowski"
Robert Zemeckis,99,8.8,"Tom Hanks,Robin Wright,Gary Sinise,See full cast & crew",Forrest Gump,"Winston Groom,Eric Roth"
Irvin Kershner,518,8.7,"Mark Hamill,Harrison Ford,Carrie Fisher,See full cast & crew",Star Wars: Episode V - The Empire Strikes Back,"Leigh Brackett,Lawrence Kasdan,1 more credit"
Peter Jackson,239,8.7,"Elijah Wood,Ian McKellen,Viggo Mortensen,See full cast & crew",The Lord of the Rings: The Two Towers,"J.R.R. Tolkien,Fran Walsh,3 more credits"
Christopher Nolan,44,8.8,"Leonardo DiCaprio,Joseph Gordon-Levitt,Ellen Page,See full cast & crew",Inception,
David Fincher,104,8.8,"Brad Pitt,Edward Norton,Meat Loaf,See full cast & crew",Fight Club,"Chuck Palahniuk,Jim Uhls"
Sergio Leone,247,8.8,"Clint Eastwood,Eli Wallach,Lee Van Cleef,See full cast & crew","The Good, the Bad and the Ugly","Luciano Vincenzoni,Sergio Leone,4 more credits"
Peter Jackson,67,8.8,"Elijah Wood,Ian McKellen,Orlando Bloom,See full cast & crew",The Lord of the Rings: The Fellowship of the Ring,"J.R.R. Tolkien,Fran Walsh,2 more credits"
Quentin Tarantino,54,8.9,"John Travolta,Uma Thurman,Samuel L. Jackson,See full cast & crew",Pulp Fiction,"Quentin Tarantino,Roger Avary,1 more credit"
Steven Spielberg,135,8.9,"Liam Neeson,Ralph Fiennes,Ben Kingsley,See full cast & crew",Schindler's List,"Thomas Keneally,Steven Zaillian"
Francis Ford Coppola,219,9.0,"Al Pacino,Robert De Niro,Robert Duvall,See full cast & crew",The Godfather: Part II,"Francis Ford Coppola,Mario Puzo,1 more credit"
Peter Jackson,143,8.9,"Elijah Wood,Viggo Mortensen,Ian McKellen,See full cast & crew",The Lord of the Rings: The Return of the King,"J.R.R. Tolkien,Fran Walsh,2 more credits"
Sidney Lumet,275,8.9,"Henry Fonda,Lee J. Cobb,Martin Balsam,See full cast & crew",12 Angry Men,"Reginald Rose,Reginald Rose"
Francis Ford Coppola,36,9.2,"Marlon Brando,Al Pacino,James Caan,See full cast & crew",The Godfather,"Mario Puzo,Francis Ford Coppola,1 more credit"
Christopher Nolan,57,9.0,"Christian Bale,Heath Ledger,Aaron Eckhart,See full cast & crew",The Dark Knight,"Jonathan Nolan,Christopher Nolan,3 more credits"
